{"cameraMode":{"drawMode":0,"name":"Shaded","section":"Shading Mode"},"sceneLighting":true,"audioPlay":false,"sceneViewState":{"m_AlwaysRefresh":false,"showFog":true,"showSkybox":true,"showFlares":true,"showImageEffects":true,"showParticleSystems":true,"showVisualEffectGraphs":true,"m_FxEnabled":true},"in2DMode":false,"pivot":{"x":11.792810440063477,"y":1.1665468215942383,"z":-10.010918617248536},"rotation":{"x":-0.03404407203197479,"y":0.16061918437480927,"z":-0.005559667944908142,"w":-0.9864563941955566},"size":25.945070266723634,"orthographic":true}