{"cameraMode":{"drawMode":0,"name":"Shaded","section":"Shading Mode"},"sceneLighting":false,"audioPlay":false,"sceneViewState":{"m_AlwaysRefresh":false,"showFog":true,"showSkybox":false,"showFlares":true,"showImageEffects":true,"showParticleSystems":true,"showVisualEffectGraphs":true,"m_FxEnabled":true},"in2DMode":false,"pivot":{"x":-1.7999999523162842,"y":0.7999999523162842,"z":-0.09999999403953552},"rotation":{"x":0.23314230144023896,"y":0.039373744279146197,"z":-0.00944442953914404,"w":0.9716178774833679},"size":0.80191570520401,"orthographic":true}