{"cameraMode":{"drawMode":0,"name":"Shaded","section":"Shading Mode"},"sceneLighting":false,"audioPlay":false,"sceneViewState":{"m_AlwaysRefresh":false,"showFog":true,"showSkybox":false,"showFlares":true,"showImageEffects":true,"showParticleSystems":true,"showVisualEffectGraphs":true,"m_FxEnabled":true},"in2DMode":false,"pivot":{"x":-0.9198580980300903,"y":3.0321788787841799,"z":-12.091318130493164},"rotation":{"x":-0.05597015097737312,"y":-0.10967500507831574,"z":0.006741593591868877,"w":-0.992445170879364},"size":13.638545036315918,"orthographic":true}