{"cameraMode":{"drawMode":0,"name":"Shaded","section":"Shading Mode"},"sceneLighting":false,"audioPlay":false,"sceneViewState":{"m_AlwaysRefresh":false,"showFog":true,"showSkybox":false,"showFlares":true,"showImageEffects":true,"showParticleSystems":true,"showVisualEffectGraphs":true,"m_FxEnabled":true},"in2DMode":false,"pivot":{"x":306.0187683105469,"y":326.24530029296877,"z":2.8585968017578127},"rotation":{"x":0.004569427575916052,"y":0.9879878163337708,"z":-0.1517477035522461,"w":0.02994440123438835},"size":242.58534240722657,"orthographic":true}